x_left,x_right,a,b,c,d
1.030000000000000000e+03,1.035000000000000000e+03,5.850000000000000000e+02,2.999999999999999889e-01,0.000000000000000000e+00,0.000000000000000000e+00
1.035000000000000000e+03,1.040000000000000000e+03,5.865000000000000000e+02,2.999999999999999889e-01,0.000000000000000000e+00,0.000000000000000000e+00
