x_left,x_right,a,b,c,d
6.740000000000000000e+02,6.780000000000000000e+02,4.130000000000000000e+02,6.250000000000000000e-01,0.000000000000000000e+00,0.000000000000000000e+00
6.780000000000000000e+02,6.820000000000000000e+02,4.155000000000000000e+02,6.250000000000000000e-01,0.000000000000000000e+00,0.000000000000000000e+00
