x_left,x_right,a,b,c,d
7.000000000000000000e+02,7.010000000000000000e+02,1.131000000000000000e+03,1.000000000000000000e+00,0.000000000000000000e+00,0.000000000000000000e+00
7.010000000000000000e+02,7.020000000000000000e+02,1.132000000000000000e+03,1.000000000000000000e+00,0.000000000000000000e+00,0.000000000000000000e+00
7.020000000000000000e+02,7.030000000000000000e+02,1.133000000000000000e+03,1.000000000000000000e+00,0.000000000000000000e+00,0.000000000000000000e+00
7.030000000000000000e+02,7.040000000000000000e+02,1.134000000000000000e+03,1.000000000000000000e+00,0.000000000000000000e+00,0.000000000000000000e+00
