x_left,x_right,a,b,c,d
6.940000000000000000e+02,6.950000000000000000e+02,1.065000000000000000e+03,1.100652696667811625e+00,0.000000000000000000e+00,-1.006526966678117363e-01
6.950000000000000000e+02,6.960000000000000000e+02,1.066000000000000000e+03,7.986946066643765274e-01,-3.019580900034352089e-01,5.032634833390586815e-01
6.960000000000000000e+02,6.970000000000000000e+02,1.067000000000000000e+03,1.704568876674682265e+00,1.207832360013740836e+00,-9.124012366884231007e-01
6.970000000000000000e+02,6.980000000000000000e+02,1.069000000000000000e+03,1.383029886636894412e+00,-1.529371350051528466e+00,1.146341463414634054e+00
6.980000000000000000e+02,6.990000000000000000e+02,1.070000000000000000e+03,1.763311576777739864e+00,1.909653040192373474e+00,-6.729646169701132274e-01
6.990000000000000000e+02,7.000000000000000000e+02,1.073000000000000000e+03,3.563723806252147241e+00,-1.092408107179663190e-01,-4.544829955341807004e-01
7.000000000000000000e+02,7.010000000000000000e+02,1.076000000000000000e+03,1.981793198213672280e+00,-1.472689797320508420e+00,4.908965991068361401e-01
