x_left,x_right,a,b,c,d
6.250000000000000000e+02,6.485000000000000000e+02,7.340000000000000000e+02,1.276595744680850963e-01,0.000000000000000000e+00,0.000000000000000000e+00
6.485000000000000000e+02,6.720000000000000000e+02,7.370000000000000000e+02,1.276595744680850963e-01,0.000000000000000000e+00,0.000000000000000000e+00
