x_left,x_right,a,b,c,d
7.340000000000000000e+02,7.350000000000000000e+02,6.280000000000000000e+02,6.597435897435897090e+00,0.000000000000000000e+00,-5.974358974358974228e-01
7.350000000000000000e+02,7.360000000000000000e+02,6.340000000000000000e+02,4.805128205128204932e+00,-1.792307692307692157e+00,1.987179487179487003e+00
7.360000000000000000e+02,7.370000000000000000e+02,6.390000000000000000e+02,7.182051282051282293e+00,4.169230769230768630e+00,-2.351282051282050922e+00
7.370000000000000000e+02,7.380000000000000000e+02,6.480000000000000000e+02,8.466666666666666785e+00,-2.884615384615384137e+00,3.417948717948717796e+00
7.380000000000000000e+02,7.390000000000000000e+02,6.570000000000000000e+02,1.295128205128205146e+01,7.369230769230768807e+00,-6.320512820512820262e+00
7.390000000000000000e+02,7.400000000000000000e+02,6.710000000000000000e+02,8.728205128205129171e+00,-1.159230769230769198e+01,3.864102564102564141e+00
